[
    {
        "model-name": "major",
        "resource-file": "majors.json",
        "table-name": "majors",
        "migrations": [
            {
                "name": "2025_02_25_092431_create_majors_table",
                "class-name": "CreateMajorsTable",
                "path": "C:\\laragon\\www\\buoi5\\database\\migrations\\2025_02_25_092431_create_majors_table.php",
                "is-create": true,
                "is-virtual": false,
                "is-organized": false,
                "with-soft-delete": false,
                "without-timestamps": false,
                "resource": {
                    "fields": [
                        {
                            "name": "id",
                            "labels": "Id",
                            "html-type": "text",
                            "css-class": "",
                            "options": {},
                            "html-value": null,
                            "validation": "",
                            "is-on-index": false,
                            "is-on-show": false,
                            "is-on-form": false,
                            "data-type": "int",
                            "data-type-params": [],
                            "data-value": null,
                            "is-index": false,
                            "is-unique": false,
                            "is-primary": true,
                            "comment": null,
                            "is-nullable": false,
                            "is-header": false,
                            "is-unsigned": true,
                            "is-auto-increment": true,
                            "is-inline-options": false,
                            "is-date": false,
                            "date-format": "",
                            "cast-as": "",
                            "placeholder": "Enter id here...",
                            "delimiter": "; ",
                            "range": [],
                            "foreign-relation": null,
                            "foreign-constraint": null,
                            "on-store": null,
                            "on-update": null,
                            "api-key": "id",
                            "is-api-visible": true,
                            "api-description": "The id of the model."
                        },
                        {
                            "name": "name_major",
                            "labels": "Name Major",
                            "html-type": "text",
                            "css-class": "",
                            "options": {},
                            "html-value": null,
                            "validation": "string|min:1|nullable",
                            "is-on-index": true,
                            "is-on-show": true,
                            "is-on-form": true,
                            "data-type": "string",
                            "data-type-params": [],
                            "data-value": null,
                            "is-index": false,
                            "is-unique": false,
                            "is-primary": false,
                            "comment": null,
                            "is-nullable": true,
                            "is-header": false,
                            "is-unsigned": false,
                            "is-auto-increment": false,
                            "is-inline-options": false,
                            "is-date": false,
                            "date-format": "",
                            "cast-as": "",
                            "placeholder": "Enter name major here...",
                            "delimiter": "; ",
                            "range": [],
                            "foreign-relation": null,
                            "foreign-constraint": null,
                            "on-store": null,
                            "on-update": null,
                            "api-key": "name_major",
                            "is-api-visible": true,
                            "api-description": "The name major of the model."
                        }
                    ],
                    "relations": [],
                    "indexes": [],
                    "auto-manage-created-and-updated-at": true,
                    "table-name": null,
                    "protection": {
                        "is-model-protected": false,
                        "is-controller-protected": false,
                        "is-api-resource-protected": false,
                        "is-api-resource-collection-protected": false,
                        "is-api-documentation-protected": false,
                        "is-api-documentation-controller-protected": false,
                        "is-form-request-protected": false,
                        "is-languages-protected": false,
                        "is-form-view-protected": false,
                        "is-index-view-protected": false,
                        "is-create-view-protected": false,
                        "is-edit-view-protected": false,
                        "is-show-view-protected": false
                    },
                    "api-documentation": {
                        "access_token_with_bearer": "The access token prefixed with the \"Bearer \" key word.",
                        "index_route_description": "Retrieve existing majors.",
                        "index_route_response_description": "The API's response will be JSON based data. The JSON object will be structured as follow",
                        "the_key_is_the_model_property_and_the_value_is_the_model_value": "The array's key is the major property name where the value is the assigned value to the retrieved major.",
                        "link_to_retrieve_first_page": "Link to retrieve first page.",
                        "link_to_retrieve_last_page": "Link to retrieve last page.",
                        "link_to_retrieve_previous_page": "Link to retrieve previous page.",
                        "link_to_retrieve_next_page": "Link to retrieve next page.",
                        "the_number_of_current_page": "The number of current page.",
                        "the_index_of_the_first_retrieved_item": "The index of first retrieved major.",
                        "the_number_of_the_last_page": "The number of the last page.",
                        "the_base_link_to_the_resource": "The base link to the api resource.",
                        "the_number_of_models_per_page": "The number of majors per page.",
                        "the_index_of_the_last_retrieved_item": "The index of last retrieved major.",
                        "the_total_of_available_pages": "The total of the available pages.",
                        "store_route_description": "Create new major.",
                        "store_route_response_description": "The API's response will be JSON based data. The JSON object will be structured as follow",
                        "update_route_description": "Update existing major.",
                        "update_route_response_description": "The API's response will be JSON based data. The JSON object will be structured as follow",
                        "show_route_description": "Retrieve existing major.",
                        "show_route_response_description": "The API's response will be JSON based data. The JSON object will be structured as follow",
                        "the_id_of_model_to_retrieve": "The unique id of the major to retrieve",
                        "destroy_route_description": "Delete existing major.",
                        "destroy_route_response_description": "The API's response will be JSON based data. The JSON object will be structured as follow",
                        "the_id_of_model_to_delete": "The id of the major to delete.",
                        "general_description": "Allows you to list, create, edit, show and delete majors.",
                        "indicate_whether_the_request_was_successful_or_not": "Indicate whether the request was successful or not.",
                        "the_id_of_the_model": "The id of the major.",
                        "this_parameter_must_be_present_in_the_request": "This parameter must be present in the request.",
                        "the_request_failed_validation": "The request failed validation.",
                        "list_of_the_invalid_errors": "List of the invalid errors.",
                        "the_requested_model_does_not_exists": "The requested major does not exists.",
                        "the_user_does_not_have_permission_to_access_the_requested_resource": "User does not have permission to access the requested resource."
                    }
                }
            }
        ]
    },
    {
        "model-name": "student",
        "resource-file": "students.json",
        "table-name": "students",
        "migrations": [
            {
                "name": "2025_02_25_092546_create_students_table",
                "class-name": "CreateStudentsTable",
                "path": "C:\\laragon\\www\\buoi5\\database\\migrations\\2025_02_25_092546_create_students_table.php",
                "is-create": true,
                "is-virtual": false,
                "is-organized": false,
                "with-soft-delete": false,
                "without-timestamps": false,
                "resource": {
                    "fields": [
                        {
                            "name": "id",
                            "labels": "Id",
                            "html-type": "text",
                            "css-class": "",
                            "options": {},
                            "html-value": null,
                            "validation": "",
                            "is-on-index": false,
                            "is-on-show": false,
                            "is-on-form": false,
                            "data-type": "int",
                            "data-type-params": [],
                            "data-value": null,
                            "is-index": false,
                            "is-unique": false,
                            "is-primary": true,
                            "comment": null,
                            "is-nullable": false,
                            "is-header": false,
                            "is-unsigned": true,
                            "is-auto-increment": true,
                            "is-inline-options": false,
                            "is-date": false,
                            "date-format": "",
                            "cast-as": "",
                            "placeholder": "Enter id here...",
                            "delimiter": "; ",
                            "range": [],
                            "foreign-relation": null,
                            "foreign-constraint": null,
                            "on-store": null,
                            "on-update": null,
                            "api-key": "id",
                            "is-api-visible": true,
                            "api-description": "The id of the model."
                        },
                        {
                            "name": "fullname",
                            "labels": "Fullname",
                            "html-type": "text",
                            "css-class": "",
                            "options": {},
                            "html-value": null,
                            "validation": "string|min:1|nullable",
                            "is-on-index": true,
                            "is-on-show": true,
                            "is-on-form": true,
                            "data-type": "string",
                            "data-type-params": [],
                            "data-value": null,
                            "is-index": false,
                            "is-unique": false,
                            "is-primary": false,
                            "comment": null,
                            "is-nullable": true,
                            "is-header": false,
                            "is-unsigned": false,
                            "is-auto-increment": false,
                            "is-inline-options": false,
                            "is-date": false,
                            "date-format": "",
                            "cast-as": "",
                            "placeholder": "Enter fullname here...",
                            "delimiter": "; ",
                            "range": [],
                            "foreign-relation": null,
                            "foreign-constraint": null,
                            "on-store": null,
                            "on-update": null,
                            "api-key": "fullname",
                            "is-api-visible": true,
                            "api-description": "The fullname of the model."
                        },
                        {
                            "name": "email",
                            "labels": "Email",
                            "html-type": "email",
                            "css-class": "",
                            "options": {},
                            "html-value": null,
                            "validation": "nullable",
                            "is-on-index": true,
                            "is-on-show": true,
                            "is-on-form": true,
                            "data-type": "string",
                            "data-type-params": [],
                            "data-value": null,
                            "is-index": false,
                            "is-unique": false,
                            "is-primary": false,
                            "comment": null,
                            "is-nullable": true,
                            "is-header": false,
                            "is-unsigned": false,
                            "is-auto-increment": false,
                            "is-inline-options": false,
                            "is-date": false,
                            "date-format": "",
                            "cast-as": "",
                            "placeholder": "Enter email here...",
                            "delimiter": "; ",
                            "range": [],
                            "foreign-relation": null,
                            "foreign-constraint": null,
                            "on-store": null,
                            "on-update": null,
                            "api-key": "email",
                            "is-api-visible": true,
                            "api-description": "The email of the model."
                        },
                        {
                            "name": "Birthday",
                            "labels": "Birthday",
                            "html-type": "text",
                            "css-class": "",
                            "options": {},
                            "html-value": null,
                            "validation": "string|min:1|nullable",
                            "is-on-index": true,
                            "is-on-show": true,
                            "is-on-form": true,
                            "data-type": "string",
                            "data-type-params": [],
                            "data-value": null,
                            "is-index": false,
                            "is-unique": false,
                            "is-primary": false,
                            "comment": null,
                            "is-nullable": true,
                            "is-header": false,
                            "is-unsigned": false,
                            "is-auto-increment": false,
                            "is-inline-options": false,
                            "is-date": false,
                            "date-format": "",
                            "cast-as": "",
                            "placeholder": "Enter birthday here...",
                            "delimiter": "; ",
                            "range": [],
                            "foreign-relation": null,
                            "foreign-constraint": null,
                            "on-store": null,
                            "on-update": null,
                            "api-key": "Birthday",
                            "is-api-visible": true,
                            "api-description": "The birthday of the model."
                        },
                        {
                            "name": "reg_date",
                            "labels": "Reg Date",
                            "html-type": "text",
                            "css-class": "",
                            "options": {},
                            "html-value": null,
                            "validation": "date_format:j/n/Y|nullable",
                            "is-on-index": true,
                            "is-on-show": true,
                            "is-on-form": true,
                            "data-type": "date",
                            "data-type-params": [],
                            "data-value": null,
                            "is-index": false,
                            "is-unique": false,
                            "is-primary": false,
                            "comment": null,
                            "is-nullable": true,
                            "is-header": false,
                            "is-unsigned": false,
                            "is-auto-increment": false,
                            "is-inline-options": false,
                            "is-date": false,
                            "date-format": "j/n/Y",
                            "cast-as": "",
                            "placeholder": "Enter reg date here...",
                            "delimiter": "; ",
                            "range": [],
                            "foreign-relation": null,
                            "foreign-constraint": null,
                            "on-store": null,
                            "on-update": null,
                            "api-key": "reg_date",
                            "is-api-visible": true,
                            "api-description": "The reg date of the model."
                        },
                        {
                            "name": "major_id",
                            "labels": "Major",
                            "html-type": "select",
                            "css-class": "",
                            "options": {},
                            "html-value": null,
                            "validation": "nullable",
                            "is-on-index": true,
                            "is-on-show": true,
                            "is-on-form": true,
                            "data-type": "int",
                            "data-type-params": [],
                            "data-value": null,
                            "is-index": true,
                            "is-unique": false,
                            "is-primary": false,
                            "comment": null,
                            "is-nullable": true,
                            "is-header": false,
                            "is-unsigned": true,
                            "is-auto-increment": false,
                            "is-inline-options": false,
                            "is-date": false,
                            "date-format": "",
                            "cast-as": "",
                            "placeholder": "Select major",
                            "delimiter": "; ",
                            "range": [],
                            "foreign-relation": {
                                "name": "major",
                                "type": "belongsTo",
                                "params": [
                                    "App\\Models\\Major",
                                    "major_id"
                                ],
                                "field": "name_major"
                            },
                            "foreign-constraint": null,
                            "on-store": null,
                            "on-update": null,
                            "api-key": "major_id",
                            "is-api-visible": true,
                            "api-description": "The major of the model."
                        }
                    ],
                    "relations": [],
                    "indexes": [],
                    "auto-manage-created-and-updated-at": true,
                    "table-name": null,
                    "protection": {
                        "is-model-protected": false,
                        "is-controller-protected": false,
                        "is-api-resource-protected": false,
                        "is-api-resource-collection-protected": false,
                        "is-api-documentation-protected": false,
                        "is-api-documentation-controller-protected": false,
                        "is-form-request-protected": false,
                        "is-languages-protected": false,
                        "is-form-view-protected": false,
                        "is-index-view-protected": false,
                        "is-create-view-protected": false,
                        "is-edit-view-protected": false,
                        "is-show-view-protected": false
                    },
                    "api-documentation": {
                        "access_token_with_bearer": "The access token prefixed with the \"Bearer \" key word.",
                        "index_route_description": "Retrieve existing students.",
                        "index_route_response_description": "The API's response will be JSON based data. The JSON object will be structured as follow",
                        "the_key_is_the_model_property_and_the_value_is_the_model_value": "The array's key is the student property name where the value is the assigned value to the retrieved student.",
                        "link_to_retrieve_first_page": "Link to retrieve first page.",
                        "link_to_retrieve_last_page": "Link to retrieve last page.",
                        "link_to_retrieve_previous_page": "Link to retrieve previous page.",
                        "link_to_retrieve_next_page": "Link to retrieve next page.",
                        "the_number_of_current_page": "The number of current page.",
                        "the_index_of_the_first_retrieved_item": "The index of first retrieved student.",
                        "the_number_of_the_last_page": "The number of the last page.",
                        "the_base_link_to_the_resource": "The base link to the api resource.",
                        "the_number_of_models_per_page": "The number of students per page.",
                        "the_index_of_the_last_retrieved_item": "The index of last retrieved student.",
                        "the_total_of_available_pages": "The total of the available pages.",
                        "store_route_description": "Create new student.",
                        "store_route_response_description": "The API's response will be JSON based data. The JSON object will be structured as follow",
                        "update_route_description": "Update existing student.",
                        "update_route_response_description": "The API's response will be JSON based data. The JSON object will be structured as follow",
                        "show_route_description": "Retrieve existing student.",
                        "show_route_response_description": "The API's response will be JSON based data. The JSON object will be structured as follow",
                        "the_id_of_model_to_retrieve": "The unique id of the student to retrieve",
                        "destroy_route_description": "Delete existing student.",
                        "destroy_route_response_description": "The API's response will be JSON based data. The JSON object will be structured as follow",
                        "the_id_of_model_to_delete": "The id of the student to delete.",
                        "general_description": "Allows you to list, create, edit, show and delete students.",
                        "indicate_whether_the_request_was_successful_or_not": "Indicate whether the request was successful or not.",
                        "the_id_of_the_model": "The id of the student.",
                        "this_parameter_must_be_present_in_the_request": "This parameter must be present in the request.",
                        "the_request_failed_validation": "The request failed validation.",
                        "list_of_the_invalid_errors": "List of the invalid errors.",
                        "the_requested_model_does_not_exists": "The requested student does not exists.",
                        "the_user_does_not_have_permission_to_access_the_requested_resource": "User does not have permission to access the requested resource."
                    }
                }
            }
        ]
    }
]